Dataset,Traditional KNN,Proposed Model,Generalized Weighted KNN,OF KNN,Overlap KNN,Eskin KNN
hv84,4,1,3,2,6,5
servo,6,1,5,4,3,2
pima,3,2,1,6,4,5
liver,5,1,6,3,3,2
ionosphere,3,1,2,5,5,4
steel,5,1,2,3,6,4
insurance,6,1,5,4,3,2
Mean,4.571428571428571,1.1428571428571428,3.4285714285714284,3.857142857142857,4.285714285714286,3.4285714285714284
