Dataset,Traditional KNN,Proposed Model,Generalized Weighted KNN,OF KNN,Overlap KNN,Eskin KNN
hv84,5,1,2,4,6,2
servo,6,4,5,3,2,1
pima,3,2,1,4,6,5
liver,4,2,3,1,6,5
ionosphere,2,3,1,5,6,4
steel,3,1,2,4,6,5
insurance,6,5,4,1,2,3
Mean,4.142857142857143,2.5714285714285716,2.5714285714285716,3.142857142857143,4.857142857142857,3.5714285714285716
