method,mean,max,min
Proposed_Model,0.7682821723730815,0.7907142857142857,0.7257792207792207
Overlap_KNN,0.7077922077922078,0.7077922077922078,0.7077922077922078
OF_KNN,0.6641086186540732,0.6948051948051948,0.6168831168831169
Eskin_KNN,0.6841794569067297,0.7207792207792207,0.6493506493506493
Traditional_KNN,0.7533175914994097,0.7722077922077922,0.7267532467532467
Generalized_Weighted_KNN,0.7774498229043684,0.7922077922077922,0.7532467532467533
