Method,Best k,Mean Accuracy,Max Accuracy,Min Accuracy
Traditional KNN,3,0.9236781609195401,0.9685057471264368,0.8880459770114942
Proposed Model,1,0.9555747126436781,0.9935057471264368,0.9360344827586207
Generalized Weighted KNN,4,0.9436781609195402,0.9885057471264368,0.896551724137931
OF KNN,4,0.9494252873563218,0.9885057471264368,0.9080459770114943
Overlap KNN,1,0.528735632183908,0.6436781609195402,0.367816091954023
Eskin KNN,1,0.9379310344827585,0.9770114942528736,0.9080459770114943
