Method,Best k,Mean Accuracy,Max Accuracy,Min Accuracy
Traditional KNN,9,0.7267532467532468,0.7722077922077922,0.6618181818181817
Proposed Model,10,0.7322727272727273,0.7907142857142857,0.6673376623376623
Generalized Weighted KNN,9,0.7467532467532468,0.7922077922077922,0.6818181818181818
OF KNN,9,0.6415584415584416,0.6948051948051948,0.6103896103896104
Overlap KNN,1,0.4603896103896104,0.7077922077922078,0.3051948051948052
Eskin KNN,7,0.6642857142857144,0.7207792207792207,0.6103896103896104
