Method,Best k,Mean Accuracy,Max Accuracy,Min Accuracy
Traditional KNN,1,0.8729577464788731,0.9377464788732394,0.7687323943661971
Proposed Model,4,0.8726056338028169,0.9486619718309859,0.7796478873239436
Generalized Weighted KNN,5,0.8676056338028169,0.9436619718309859,0.7887323943661971
OF KNN,2,0.5577464788732394,0.7605633802816901,0.15492957746478872
Overlap KNN,1,0.5450704225352112,0.704225352112676,0.29577464788732394
Eskin KNN,2,0.6985915492957747,0.9014084507042254,0.36619718309859156
