Method,Best k,Mean Accuracy,Max Accuracy,Min Accuracy
Traditional KNN,7,0.8991780821917807,0.9252054794520548,0.8704109589041096
Proposed Model,10,0.9237214611872147,0.9456392694063926,0.8908447488584474
Generalized Weighted KNN,11,0.9150684931506848,0.9497716894977168,0.8858447488584474
OF KNN,3,0.8899543378995434,0.9360730593607306,0.8447488584474886
Overlap KNN,1,0.4917808219178082,0.7488584474885844,0.0867579908675799
Eskin KNN,1,0.897716894977169,0.9315068493150684,0.8538812785388128
